id,username,password,restID,lastRestID
8,goldenbear246man,79[t^$v8,9592,2661
9,tinyostrich567man,o7#r-NHD,7839,8302
13,happybear314man,"I{1a,#BXJ",7870,4125
14,angrybear572man,jRU4Tdco%,2134,8662
23,bluelion898man,"mP.EH`Ozu""",6533,6413
25,purplebutterfly485man,"R,Jvq~Yn[P",1949,4638
44,ticklishswan423man,(Z)R=I02,2310,8742
50,browndog636man,")y|W%j8/~""",8622,460
52,blueduck691man,Nn[@H4f_,3273,9784
56,beautifulzebra578man,"j8m,yVp|z`",9586,6820
57,silvertiger433man,kK4tqg-|U,3823,3843
58,angrypeacock922man,"=^y""xnk')F",4926,9473
63,happypanda523man,"lX""W2U5q",374,9704
71,blackwolf718man,"[h""<0pI6bM",1448,932
74,greenbear350man,RXB?Sd/3:,2751,4216
80,heavybear608man,V]g[bqh`x,3346,7781
84,greenwolf858man,su/fGPX2x#,7565,4547
87,purplefish264man,%jS}i!;F,1294,5768
97,purplepanda817man,PB(DnwYE,5233,9116
98,whiteladybug553man,SyT.#l1E,4544,4361
103,beautifullion527man,8ao}ulP@-/,1080,8412
110,whitekoala889man,"ag=<*Ucny,",9260,7287
112,tinybear616man,Z0v/I&aNC,829,7677
113,silverlion539man,!9^P[<tF5,2106,3295
114,yellowpeacock845man,\B?Yag]'^[,510,702
115,redtiger428man,]NW1JKtr,1272,5879
122,orangemouse728man,6'$47<Y=%,9318,3852
125,happymouse596man,"o|[3""c}L",9009,8239
126,silvermeercat149man,"g!yz""a%PI",4683,9759
128,lazyzebra982man,?V+.@M7U],468,2735
154,orangeladybug438man,KiTR4;uXJ,570,1399
156,orangeduck154man,&PR.68hF,2233,6720
157,tinywolf635man,\Qs!)[Nvb,2939,8590
169,smallfish174man,"~17pD{,[",5577,7226
183,biglion859man,y!fxH]Ju*,872,3649
186,organicbird680man,"Fv,2|tSu",3987,6120
198,organicswan304man,~Y+r>d]:Z3,8683,7525
203,purplebird450man,fBF&iedN,5217,6747
205,bigmouse145man,p<E!Bg3|k,5517,5353
206,tinyzebra355man,xkTmQNt45\,9322,8583
207,tinysnake394man,"inSC,b1c",1761,819
208,silverpanda365man,f7Aq1d-Z@N,3773,9200
224,ticklishbutterfly562man,"*?Q,r`aB&6",3677,5438
230,brownlion907man,"w}"">67VXQM",9454,7321
253,sadlion358man,V/wDST}oc,4994,8258
256,crazyelephant501man,k%39'BMoV+,2143,9372
257,beautifulkoala138man,<i;(s{ad1c,3957,6706
267,whiterabbit464man,3;RL+ZDq^P,5643,4251
271,whitemouse373man,=`4f3dGaY,4798,4726
274,ticklishdog866man,KosQ[e.9rZ,8913,1920
282,purplebird302man,'uh:leG*,7863,7036
284,sadbird559man,H]c(DYg>p%,4135,4984
293,yellowduck510man,|AqzOEH}^,513,7196
300,heavyduck737man,";M>Vv""3g",1117,6401
307,whiteleopard919man,V8G/ZML_,2236,2130
308,whitefish824man,~}=h+JR%,6877,8392
314,brownzebra240man,EN]3>2{W,4409,5595
319,heavyfish285man,~Pwh->Ye,2413,2427
321,yellowlion941man,-bHO}mN\5h,8499,7273
324,yellowgoose842man,"2->?6O,mz",6348,1501
328,brownduck310man,h]+32tdTq,6728,2782
329,orangeduck504man,Bl1zFZ\m#a,6210,5278
330,beautifulrabbit723man,j+=CU&s<O,4792,6067
343,lazybutterfly773man,"p[%ghVxc,(",8134,345
348,whiteostrich182man,YFXrCVgOHs,8976,7256
352,redgoose950man,7?0uo/~RP@,183,8845
357,heavyfish827man,6lnR8f$uS,9679,3258
359,organicpanda142man,e;=f_>Rk,7060,4315
368,redsnake496man,1[pakh-y,4984,8052
384,purplepanda963man,2X+}:H7$z,8438,7611
396,smallmeercat177man,{ENFmQ\k9~,7300,8301
401,bluebear693man,\NPguy*'1>,127,7738
403,happytiger736man,USe<[BhL,724,1514
414,bluepanda145man,"OWviJuno""H",2226,5437
418,silvermeercat425man,!?Zs15LzM,3665,8371
419,goldensnake459man,HXe4u|>h;,7376,3869
426,happyladybug683man,NI)P3Yam+n,3647,1130
433,lazydog716man,-UgH9N?0,7992,7708
437,orangebear787man,G_].P!/&e2,5663,5446
440,whitebutterfly307man,/|<VtXQ(,9213,4504
442,lazyelephant544man,-/$M=`oI_,9509,3706
452,crazysnake810man,pH@/\*RqB,1743,4500
468,heavycat565man,:'i2od]^,3026,8656
473,organicladybug929man,uE)g'.Y=z,3611,6327
475,blueleopard362man,"N:,6Tos`",496,2711
477,tinysnake618man,"&TP%ie7""2",9046,7256
478,orangepanda597man,c({r5B#aK,8419,2643
481,orangeelephant976man,?P-.=jFZhc,3326,5831
486,browngorilla783man,Z]fi0_{Jn,6283,2538
490,lazypeacock501man,F{86|Oho,2639,6906
494,sadpeacock180man,zC]#iP>l},6607,2138
523,beautifulmouse130man,'wy65Zoi,2769,7123
573,yellowgoose878man,=j&7be$1,9065,4241
574,organiccat732man,yL<pK_:NG&,7554,5773
577,beautifuldog775man,:d>8Iw7;KO,2656,2167
578,purpleostrich989man,]g:Jl9CF,774,1231
583,redcat900man,"_Dt.drqL""",2806,2648
592,sadostrich895man,*Ll4WNgDr,6086,3096
595,sadleopard284man,j2/%bvXIKk,9152,5035
604,crazykoala345man,"H,1?4%6t",4181,7138
610,silverrabbit498man,Oet|W7xp{,2906,3265
613,whitetiger685man,s+t.jD?FM,8201,5164
619,silverwolf243man,Vhk-K8)Y>Q,1678,4254
620,greenrabbit132man,?y$\Ju]D8,6601,50
640,bluebutterfly705man,+.f!_Gs'(,5738,805
649,smallelephant266man,u:s$_>.\,799,2661
652,crazycat768man,@GrjJA({-,5064,6836
656,yellowostrich493man,w9KPWF6u,9287,8752
659,happypeacock183man,5pT]ro:cs,3171,9937
681,orangeladybug266man,Q%S)w9;ud8,4168,1156
682,orangelion572man,i8:=xT|1L,3364,5108
684,bluemouse222man,"lf.X,""s6-H",8617,2903
690,yellowelephant332man,^Crxnb0a#,7209,8612
705,redswan254man,xvzZN!>fe,9022,3041
709,sadfrog456man,NF0;ur5qEI,4850,4463
713,orangetiger152man,\^e.:xDmS,7696,7957
714,goldenladybug231man,"FP""J0eHt;",4881,5278
716,sadduck845man,Y2N;X$uG8n,1034,1109
728,happygorilla328man,NqQ<Zk6>gp,2954,693
731,smallgorilla853man,o#&TUiKr,4467,46
732,lazypeacock297man,67#OJisl(,6084,3310
741,bigpanda152man,"""mrTpQvE",2188,5102
751,bigfrog129man,"Xi1Sf-y,!",9761,8748
753,whitebird770man,d'#t[WQh,13,9734
758,blueostrich397man,lOmb&#`*,7483,9151
764,blackmouse961man,)^g}=yA*,8410,1150
766,whitebird799man,"7$>2V,sPWu",776,6700
773,organicbutterfly754man,"IHkc$,[_EW",8672,6832
775,blackbird395man,1j9Oua`|,7977,2799
777,sadwolf278man,"&m^SEso,",3361,9231
779,silvermouse825man,W;']4OD$k,8118,9114
780,tinydog993man,AtL[U}4ab,5485,9463
791,whitemeercat794man,Q#r-!~LdiC,4099,9052
800,crazyelephant262man,H|\+_qF[,5206,349
813,crazyfish798man,[5V{O\Ae<F,1113,392
814,beautifulcat506man,h<Q-]9rP,3908,102
816,greenmouse520man,"zs39""C`5O!",333,2295
820,yellowzebra120man,"uB5;XTIM,",6726,5239
827,brownpanda391man,PE}lMfWu5,2975,4680
828,lazyduck552man,]48RtCV2c,2582,8344
830,bigostrich768man,&S=|6@o\,89,9005
835,crazyfrog609man,B9~2}Jvi,3344,8858
837,angrymeercat602man,"g,'@.=O\",6767,3973
846,yellowlion445man,cZmQ%^Vwz,5646,9893
858,whiteladybug509man,`S|rB:V_dR,48,740
865,bluedog358man,V2T6\c=.?,6193,7130
873,crazyzebra952man,Lt!9BF6&g_,8563,8427
898,brownbird650man,JLv0@6!}g~,5432,6023
918,redswan994man,"E4rkJ6H""",6229,1258
932,tinyzebra370man,|q+;b:Mf8,2540,2405
933,greenbutterfly979man,YKiumL#],4252,9436
951,ticklishbird129man,@fT.Q?rX,6688,3493
954,silverfish743man,.mf|_J80M,3864,5116
956,angryduck539man,AutE<\h]q,349,9270
958,greenwolf687man,YZfm+_O.)-,5891,2347
963,orangeduck713man,JMv}'a:c5],3555,6974
968,yellowgoose925man,h1e^a-c/0C,591,3267
975,purpleostrich166man,V.W;9rmR,1201,9317
986,greenelephant568man,@hbap`n{,5385,2098
991,redcat144man,1rmT\#_s=A,5213,6260
992,crazygoose505man,pC+(;rbE,4536,4019
993,crazyrabbit688man,?ACRvl7:,1711,8522
997,smallbear661man,/=g41E.D,3882,3447
998,lazybird891man,=UF]V&?^y,2660,8173
999,greenfish994man,ECZ4IU+Yw,4708,906
1007,tinyduck620man,m%-85Az=b,4649,7024
1012,brownostrich424man,%DMx]yb_3,3160,3240
1018,greengorilla774man,lyLU+DK;b,6430,7011
1024,goldenbird305man,[F60h:jQ,4636,7523
1026,ticklishbutterfly651man,/[dBt5]Do,3133,6130
1028,orangeelephant155man,"[R8,h:nA&",3775,1780
1040,beautifulgoose502man,7vm2h6|tl,967,7746
1041,goldenleopard885man,Mh9/S&:c_,9010,1863
1055,blacklion179man,J{z9>=U&,6198,6626
1058,angryrabbit794man,Vev\Q0NqoO,8705,7002
1060,silverelephant475man,"jZz\29,&`P",1610,874
1065,blackladybug350man,*NRx|!Hj\,6703,1902
1075,ticklishwolf561man,lN:@Pg+0F,1380,1004
1091,smallelephant704man,?|{cSCz6,8124,7432
1095,brownmeercat850man,GV#Pj|g)\!,1488,7485
1097,heavyzebra182man,KxlUY{gs}B,3579,2170
1111,goldencat402man,}W7\$hZ)z+,2809,680
1120,bigostrich693man,w#AM+^ey-g,2801,2269
1132,whitemouse393man,O@i3`?E$v%,5305,7563
1134,whitepeacock780man,T;P_}ezM,3857,8109
1136,bigpeacock127man,|)r.K>Iib,8747,7438
1147,redleopard159man,=8Tdo5r-Q,533,6768
1151,angrypeacock624man,"2""x($Y9Q",7533,9155
1152,tinybear246man,K)$lJ?(!:@,8668,4268
1157,bigcat928man,rWU8%Cu<,4978,2679
1166,greenzebra234man,UinEgs#c}Y,7571,1715
1170,brownlion185man,"LjrQp,M[",600,2778
1173,bluerabbit521man,`fmho8^+YX,9706,3756
1177,smallrabbit225man,l{q_1R@Lc!,363,4439
1180,bigostrich938man,+d[b%j0T,1641,1250
1190,redduck805man,)^`s5WZD,5343,1315
1191,heavyfish112man,v&+6-\OQ,7570,6311
1194,angrybutterfly263man,"+TqfkvN,oi",4164,2022
1202,blackzebra228man,yur}:EPh5O,1764,8727
1206,goldengoose780man,AaXIuUhx&,8255,2092
1212,bigostrich175man,"b{z9RvF""",7782,6294
1214,purplepeacock598man,kxn.e8CAa,1666,4387
1220,goldenostrich518man,}7Bl(L|H8I,9548,1196
1222,blackleopard241man,gy!3^8zGr,5975,2396
1245,crazyladybug522man,<!oJ_Nz&,2868,5025
1262,lazygorilla752man,V8PW4DLq,3995,9367
1263,greenmouse941man,Xb:#`i<M,4891,5931
1264,sadfrog940man,aUbYZvi)?A,3499,291
1269,greenrabbit444man,"y~:&#/=,J",6620,9253
1272,brownfish900man,zcb;!\+h,9811,7180
1277,orangepeacock282man,"tEK&q,V;@/",7547,9160
1278,tinyleopard437man,"#,""DH(:l}",329,5391
1295,blackswan767man,NTS};G19ez,6111,5569
1300,silverdog905man,sYQHD0q[L,6548,4491
1330,yellowgorilla935man,U\PWd.SpF,842,9959
1342,bluebird369man,?rn}@0opkl,4523,7325
1343,tinyzebra778man,jK0p~dR!x6,4333,9092
1350,orangefish255man,"/',I@!>_",4320,5126
1356,lazymeercat934man,&[0.kmcW!J,4375,1114
1363,lazyleopard745man,\=pHUqw~k,4174,9605
1365,tinyduck429man,e|mo2$JN+l,4958,152
1375,redtiger312man,i(^!6ahF',648,4802
1376,sadmouse316man,_#!f>a[h3,1227,2915
1381,lazypanda538man,G[46sQ{dL,6471,8379
1387,brownpanda751man,\:Dq4^f-Z,1238,4839
1392,brownostrich341man,4%yZ`RV{WG,6104,2370
1393,ticklishpanda173man,K+v%Xz}My5,498,25
1399,greenostrich365man,.NZ%!<Oroq,2777,4686
1402,yellowleopard736man,b<By&H/K,2550,7443
1403,goldenbird638man,;]Bz(}Qd?,4411,9841
1404,smallgoose575man,Y}bFh<?S,2936,1906
1415,tinykoala270man,4s{nM_SQ=,9623,6616
1432,bigrabbit918man,",a|-&U/}5",232,479
1444,beautifulmeercat825man,"N[""L,]nD_5",3379,5321
1448,yellowmeercat849man,^A#\]Ot1,4653,7904
1449,lazybear715man,v%YNU2(ltx,8527,7171
1456,beautifulbear284man,AOfeV7@#,2448,5045
1463,bluepanda935man,lM5S'Q0J,8537,2038
1466,biglion253man,eqUx9y-l/h,117,7930
1471,ticklishswan134man,yx._H58|,4014,3701
1495,ticklishmouse803man,T*DY@dm<+,9893,7281
1496,brownpeacock557man,(2&4o*9C,5699,2536
1501,purplemeercat148man,>U)g?%q]VK,437,6447
1505,bluemeercat354man,4WQxyeguB7,1355,269
1506,bluepeacock496man,gpoU@K!5k,5514,248
1513,yellowelephant946man,X'k#BCR^,5706,2331
1514,whitefish647man,xd1K%zna6,2101,7261
1520,orangerabbit995man,"s""bgGYv;X",8958,3497
1528,blueleopard535man,"6XoUH,F7",658,1914
1531,goldenladybug530man,{iE}e=J0F],9898,5006
1550,ticklishmouse335man,#\X&yZ+<,7068,2591
1555,blackfish357man,*`\eEw#a&,6406,1234
1563,greenkoala718man,/h[zu)H2-x,7878,4398
1572,bigdog913man,w[QFgJdm>9,4031,2743
1574,lazybear453man,9B4y8Vg|7,3923,8591
1579,bluemeercat986man,^fjQ7uiq,823,1788
1584,goldenfrog802man,sN4TbP=K8,7111,5760
1586,goldenelephant577man,du5('WGBC,7153,4353
1587,browngoose934man,9bA#7s^/,6139,9557
1593,crazytiger372man,wd<jP57OQU,6998,7593
1597,happydog627man,_leSHYtU,19,6010
1598,whitefish331man,.%5MN<PLs,5804,1727
1601,happydog742man,=k|i:'@{,8153,1155
1608,blackbutterfly265man,CjM9>}f\X,7235,5869
1611,sadmouse837man,VT@*+KE},7400,2740
1635,angrycat886man,.(x8dZD!,4305,396
1647,organicostrich487man,5.7Df|y{c,7507,2383
1658,organicleopard367man,|<{SQ^5>x\,8011,9667
1673,silverfish812man,k|#lpuiC1,991,423
1676,organicfrog747man,0'R7%en4;`,430,9771
1693,beautifulgorilla861man,"*""TJ.mI3",4858,7461
1695,orangepeacock724man,=NgQDPoL,2822,4555
1706,lazyfrog423man,e5SZ(M*L,5701,4435
1714,yellowbear328man,-xZsIz<%,8510,2529
1722,purplebird968man,a9sc:3#K,6699,3125
1746,silverzebra160man,?^`!y=+]_,7757,9057
1760,organicrabbit938man,6jYl.9uD73,4482,9075
1763,sadfish225man,3H2=0KN47),9615,3488
1765,crazyzebra206man,9n\%8:Qa0,2051,5094
1777,purpletiger437man,"?Su\xAdNW,",803,7283
1785,brownpeacock104man,<]x@VPqZ^-,8351,5840
1787,sadostrich804man,`(t1>ld9,7420,6556
1790,lazypeacock854man,&GN)2Bq=,3470,5131
1806,orangezebra915man,eA#!lhy/M&,3903,1036
1812,silverostrich516man,Pz-jo_)vsY,5810,4710
1818,orangelion514man,TDMA@Egc,7423,5007
1820,goldenpeacock904man,"$]@,frC*x",1435,4685
1821,crazylion301man,k';FXI-n,7707,7758
1824,lazytiger263man,h9M&|*clP,549,9927
1825,bluebird831man,U;`IlZv2r,9704,1628
1832,blackcat932man,I({xT1rn,5275,606
1833,heavydog920man,Y\^vg{}#,1734,7990
1838,bluedog621man,n'b!t6v+~,1736,2993
1839,goldenzebra305man,nhUj]GgTKN,6754,7666
1840,redduck923man,-{7cX]x3,2294,2661
1844,happyladybug934man,4jqXZ@C&]},8139,6805
1876,crazyfish506man,`{)yR9XPF,9804,31
1877,tinysnake995man,F\lxK$wMoB,4452,529
1878,blackbear989man,"*?8KZk"".",3562,535
1879,blacksnake779man,E+h^qT7`=@,57,4730
1881,silverpeacock318man,nWq^Xr/8],181,6685
1886,crazybear915man,E=QY+i983,9004,6761
1887,lazygoose311man,B]x<KV!AI,4853,5396
1892,ticklishsnake212man,QtlhWng=({,8757,7317
1897,biggoose175man,[D76|/vCG,1980,9611
1898,sadmeercat306man,U2DY#<li*T,7418,1012
1901,silverdog655man,VHBOm7ZE1T,8743,962
1903,smallfrog643man,Gqe\EAd~>#,5257,1172
1904,yellowwolf226man,"dw[k-""z,",1047,6135
1905,happyleopard479man,;i15:}R|C6,2927,9401
1911,crazybutterfly962man,;i>SaEuAF,8999,168
1916,angrywolf984man,TH<)2mcVf=,3944,9691
1919,silvermeercat612man,a#l<LKznY@,8706,7750
1921,goldendog122man,|#mBq<H?Qv,3905,6641
1922,sadgoose927man,SpI}DH$<,6830,2069
1923,blackkoala338man,b]*%x`NS,1976,6738
1930,orangewolf261man,K?V52<B+,9192,5573
1934,goldenladybug115man,zX:U}u~{,8013,6277
1947,bigwolf602man,qTFtDLiE,3666,4327
1949,greenswan585man,b<\S3i9->/,7503,5968
1953,heavybird771man,"&JUac:3,|Z",3169,9088
1960,reddog189man,l]5Tk{`Ca!,8788,6565
1971,tinydog777man,"~i,o75;e'",5707,6373
1972,redtiger322man,hgo<PeNy,8209,4342
1976,crazymouse857man,vgV~w7d=,7692,1131
1980,beautifulbutterfly777man,&49I!1@bQ/,6622,2989
1986,blueladybug717man,LRoSpHQ~d@,4130,1134
1999,goldenmeercat234man,BkU@e(#&y,1462,6873
2002,happymeercat661man,[u:bs{=Oe,5757,9778
2007,heavysnake694man,J)v~C$Yrc,1046,605
2009,ticklishduck821man,gj75I*\e{F,8218,9493
2013,ticklishzebra564man,"<""06KMDz",4367,54
2014,goldencat698man,"@""PYXf'$=T",377,8734
2015,happyswan127man,M~lX8])S2t,2912,8241
2016,sadbutterfly631man,"4AK""TO.vl*",9301,3841
2035,tinybear541man,%Nk(iK0:),931,9354
2037,bluecat217man,W>gFNsdZ,9427,4860
2038,brownwolf977man,"""(whV}TgM",4525,727
2042,heavyfrog741man,.XKA$7b},1510,1173
2046,bigzebra959man,2eIsW/{`8O,1856,3698
2055,beautifulbear445man,HVo@/Q*v,8249,2880
2064,yellowelephant653man,FKmW.yeAQC,8940,7192
2069,heavytiger940man,"%/EIr-,g+",6991,3580
2076,brownkoala946man,"?WpucK,<",5551,2622
2088,yellowlion914man,lubxy[r8,7812,1562
2098,goldenpeacock671man,0TYAI#b}co,8338,1826
2102,lazyswan284man,>@W~(;6Hx,3685,5803
2106,lazyfrog112man,tCZosH'7+[,9074,3931
2110,blueladybug448man,")U,?v_k/#;",840,4647
2111,silverleopard808man,$s]ac-qKl,3566,3044
2120,ticklishtiger638man,Z&Yz>*cO?k,2824,9922
2121,tinytiger779man,\C^(#%@}bK,9584,8868
2125,crazyladybug447man,C/hg9:T0X,7168,4486
2128,bigbear637man,"/M#nAQ,y",7124,1799
2129,crazysnake792man,3WFj{g#XS,3250,8599
2130,crazygorilla125man,+hg;!Upxu,3466,4951
2132,silverladybug889man,)nj=}#N<5,5914,3237
2133,sadgoose192man,S?Z#-yHb2,5442,457
2134,bigduck499man,5Wa]!78-O,5488,1891
2136,happypanda780man,h;?5{8=L,6304,4974
2147,angryladybug314man,">9~keMa,",7234,6335
2168,blackgorilla768man,:m./MVJ3]`,9521,9762
2182,bigpanda942man,w\$6)G}xdF,6364,2842
2189,browncat792man,W)<1p32VI,7081,1340
2200,redswan257man,3D<r+fN>,2874,4685
2203,whiteleopard420man,4oY_&j=XOM,3552,2281
2206,sadfish421man,"y5e}/7,2*'",7309,2559
2212,greenbear213man,s4}C_W{(,114,7140
2220,crazydog660man,r?&E8exjiX,9708,8611
2224,organicbutterfly603man,W[_OJ.M9k,366,1618
2230,brownmeercat332man,j[iClh.1?z,802,1890
2238,redtiger627man,GStDd?R<,1854,4129
2241,tinybutterfly898man,qPgJdfsF*,6707,7236
2243,reddog701man,HFEyI:|+,8797,4492
2246,sadsnake791man,\.g}v*+XY,1722,2588
2250,orangeleopard756man,aO\7m6iV(),9650,6491
2251,purplemeercat712man,"Q7kZ,:]G|0",466,9524
2260,tinyelephant135man,n1Mc90C],2419,2658
2262,goldenduck533man,"go,!;04i%",4633,737
2264,lazysnake121man,LOwY&T_]mj,2271,2304
2269,brownduck644man,"MK""(+v8:l",2315,1310
2271,heavydog924man,"CY/<,2k#.",9842,9181
2278,greenswan822man,?itF;bEl,559,6000
2285,lazymouse957man,0Tt;ukiEA{,6881,3922
2291,redostrich923man,x#Ye9*+IU,1705,3279
2293,heavymouse489man,q)o?;*x-'1,4128,6850
2294,sadcat531man,b6Tu^LDx,2729,5304
2307,orangelion431man,NlAB(0D~o$,235,7739
2314,sadfish709man,"7]p)|4Nw,",4898,2866
2324,bluecat873man,hG+T{iavR,5697,3478
2340,angryostrich338man,c/|hl:2qT8,4982,1306
2342,redtiger385man,0r!d7qQF,316,416
2345,lazytiger837man,dM>{ygxfX,4340,3362
2349,blackcat642man,)CyNRKS{&D,8598,3568
2352,greenleopard217man,-1/5KogY,2997,3154
2353,heavykoala751man,ezZc/;Vd'7,276,9212
2361,sadfish182man,}Rr;sSA6w,1044,1955
2365,angryrabbit297man,oxk`Al#h4,786,7269
2369,silvergoose821man,"wz,iR1P(K",3626,6428
2379,sadladybug703man,Adm`-'nEV1,3409,4082
2391,goldenfrog132man,=F\Db63jC7,8993,286
2392,brownelephant182man,'OU}^erX,3733,2718
2393,greenlion748man,"xvo""qM}-zR",5159,9305
2398,yellowgorilla289man,a3&1MI;yA,1580,33
2400,orangepanda431man,m^}wN`VG,278,8734
2402,smallswan892man,|J`F:IU5,6158,4268
2412,greenleopard605man,",#;K1EIZb",4199,4938
2415,smallbear727man,CUbtQ^e/,1126,539
2419,smallmeercat944man,"""6Qdez:n#j",1944,6537
2421,bigelephant346man,"tNo`4,y>H",5271,6682
2454,orangezebra772man,6~/%]<)XV,4643,6392
2460,purplezebra303man,"z0K[N|""~:",7720,3185
2470,purpleladybug231man,q%W>!1k:,8104,636
2475,smalllion445man,8FVpg:vQ,4545,6529
2476,happyladybug868man,-9T~0:+V,4535,6357
2479,smallostrich762man,*-L5!<'/,2684,3368
2482,angryfish480man,x8R/*0$+sj,3259,8023
2486,redfish591man,;zu`(f7wQ,8328,5594
2489,crazyleopard771man,`PWV#0.R,6452,9196
2499,crazymeercat791man,1t4`.!^>,6916,2654
2500,blackelephant979man,"-[zh&,v~",925,1844
2511,brownladybug886man,^`*!J<+o,1746,8482
2512,whitemeercat185man,"""%2+X[Y,:",4676,5633
2517,ticklishdog700man,W$}ToFAI,4517,7884
2521,organicmouse298man,O2*A;G{X,2109,4689
2535,purpletiger273man,P2v_ljrkO,3321,4566
2546,lazybear771man,fPHM2zO{q!,9001,5550
2562,ticklishduck814man,",c|5z4""<f",5886,9036
2563,lazyrabbit100man,hQ&]`Tzje,8826,3041
2582,lazywolf727man,"YO,gjo_n",3131,9036
2592,tinymeercat285man,<5;RI[@E,5857,9039
2595,redgoose223man,"|k/5T""&oBv",7388,2907
2597,blueswan513man,"xp""oR6-Q",6602,9684
2603,beautifulduck196man,N/7D=L)3V,8408,1
2626,orangezebra206man,H$%;@2D|k,1962,1588
2627,ticklishtiger932man,1[0~]TIJ`;,335,9426
2630,goldenbear528man,"%,8R<fNZh",5230,7338
2632,lazymouse783man,|J'R(6f9x,3589,1938
2642,lazyostrich512man,F/XD>RpwL,8342,1304
2647,lazypanda123man,CE&aLH:p,8152,5177
2666,greenzebra775man,QZr\SgXqF,896,856
2669,blackzebra630man,N;Vfa0<_8,6222,7607
2701,goldenbird426man,QX@W'$)!U8,5363,1538
2703,blacktiger891man,"}67k3V""{",2433,6783
2707,bigbird407man,a+%]3$XJ,3559,5892
2708,beautifulpanda892man,qv%U8n!M:V,1786,3289
2713,ticklishbutterfly668man,"'ai3Lw*Zy,",4912,8837
2726,blackwolf576man,TN4C)06*,9327,506
2732,bluecat520man,"\aj'>""`kUb",4586,6834
2735,greenrabbit983man,CXu4{(=<?~,2920,9357
2738,lazyladybug853man,19.u?WJ{r,4369,8501
2743,blackbear419man,vr1xSg6:@z,6489,9568
2747,yellowleopard125man,o/G)nr3X,7583,6007
2751,yellowcat196man,P=y>}9E(,7810,6689
2754,whitebutterfly703man,"%ug4h0y{H,",7126,8521
2759,purplegoose609man,=epr;}]l,7888,8224
2762,smallbear944man,e+DL]d!2#,9171,5161
2764,bigkoala809man,S?n^`k+)/y,6379,4361
2766,brownostrich406man,(5ivQb4jH,8794,8501
2778,goldenmouse293man,'o#3NMUw),7647,1120
2790,heavylion295man,W%5*O=K!$x,5382,4877
2794,ticklishleopard354man,yHlP8k6rg,7213,1879
2799,sadladybug566man,bXs].i_[&,3396,9647
2817,brownzebra239man,#bEk[d5|m,7135,63
2823,silvermeercat924man,"2o.1rv,hi)",6635,6276
2826,bluewolf658man,O>p&i{;k|M,5900,5370
2839,brownpeacock735man,%x.wpP$0|t,345,2770
2842,goldenlion442man,[o!Lb6fR,3360,3938
2848,ticklishbird982man,ag:4Z%SK&C,1815,4118
2868,organictiger620man,Ly~Cslh*g,4549,9018
2869,sadfrog728man,o9)TejAS~U,9692,2461
2878,blacksnake414man,I54%i{&7)a,7714,1161
2882,purplegoose783man,}P;GsA0-j|,9309,1481
2894,tinycat319man,m=h}j<bFk9,45,1198
2895,blackmouse754man,rm\vNdfW[K,7770,607
2901,biggorilla204man,f{M`[_9|,1293,8356
2903,blackwolf317man,#~{z&Xoi,4004,5813
2905,bluegoose894man,"""dW@#c.Y8",4493,3270
2908,brownpanda225man,cDrfa7]5,8986,9997
2914,blackfrog316man,tT\zVo/4gp,2179,7569
2916,silverzebra284man,"CR6tTe,n.",3166,8306
2919,purplegoose561man,nZjCD;[T,193,738
2925,whiteladybug725man,N@~^<lr:I),7708,3488
2930,brownduck135man,G?}7H|05*,5116,454
2932,blackbear294man,n.T3+$Es,2361,5008
2940,purplegorilla258man,OqL`fE*(d/,9364,5774
2945,angrymeercat109man,\#MFx)3B,8521,7160
2946,redgorilla534man,}|r+<Pts,5610,1192
2952,whitegorilla287man,a7lK+%X\,1230,4930
2953,happyfish716man,;\>Y6ZNL,9102,6315
2955,blackgorilla906man,d]nGjulW,5480,6243
2962,beautifulzebra900man,mCrt~1[`,2290,7749
2964,organicwolf967man,W*vmL]Vb,6981,6448
2967,brownmouse391man,"sw[ec<""]2!",8959,1103
2976,brownwolf208man,h)/m~ztxjN,5030,8828
2986,yellowswan326man,>z~m?-7N,6015,4917
2992,sadlion422man,(T)wAZV7l',162,6355
3002,happypanda758man,"5wyUJ,l(",7760,7277
3004,tinywolf107man,kDt?u:j-L,3818,6701
3010,happybutterfly768man,/#\lofe<,324,3066
3011,smallwolf583man,BT8iq[jPx,5345,4739
3012,goldenduck403man,FDXx)=60Z,9317,4957
3017,orangecat762man,s*|;R@v3G,8509,7004
3024,organiczebra536man,"3nYs,m@)",2355,1586
3027,whitesnake369man,]9nH3k:U?y,1540,9729
3040,beautifulbear495man,.g5;Mf}S,5612,4568
3043,sadsnake301man,(S{):D-`J,3683,1718
3049,orangeelephant249man,>}wP2L&V,6097,7428
3053,organicswan739man,Dy%7$&=a#,8730,5037
3065,whitelion778man,KZVzu!5;,96,3760
3068,blackpeacock300man,sAr^to={dl,8193,4869
3071,orangepanda161man,"&vqIL?""lM(",6207,370
3075,happypanda922man,2K_d~}/Y,9876,9923
3079,brownbear147man,inp?FJAt},7796,5024
3083,ticklishpanda135man,%I!H*(8EeK,9663,7038
3087,beautifulgoose581man,hQ6{l%J),6584,22
3097,biglion665man,"2Q_,$?iUy]",6029,1302
3109,whitebutterfly441man,LCp$?P#d>q,1758,5683
3117,yellowmeercat319man,}4U:/L6%,7391,1409
3118,biggorilla470man,(pdPo>YQ\L,9120,4453
3123,ticklishgoose640man,{y!|@EK.,6236,8573
3124,lazyostrich855man,"G_dJ""A.]Wy",5491,6519
3129,tinypeacock596man,:{tV[NEe`1,5762,3616
3135,redswan992man,)<!}\_[=vW,8755,8970
3147,crazytiger851man,8LEQciNg,3283,7430
3151,crazysnake341man,|FuLgk-*,6554,3240
3167,ticklishduck131man,"'D?lj=g""",6821,8297
3168,redkoala213man,EWxKLQS.,3308,2743
3173,bluesnake136man,7>B3KwAsLi,661,379
3182,greenwolf909man,"aM8s""/Kp5",2737,3877
3191,smallduck377man,E>X!m6oM,9695,3135
3193,blackcat808man,9J<:k57d,7651,2787
3198,angrytiger837man,udWe+qj{n,5283,7729
3202,yellowmeercat351man,A0$#*tf5,1946,4596
3209,silverdog231man,wvb#xgpEP,8323,2832
3213,ticklishmeercat521man,I0!fYV$Z~a,5091,1323
3224,smallfish844man,",gI_$i-<z",6043,3975
3226,happytiger925man,:5q&~z'O,6144,3805
3236,ticklishrabbit408man,8$u`k1\3,502,9714
3252,smallelephant950man,ynTGh3z+,4225,9051
3257,lazybear326man,@F0/uU4j,2530,4583
3261,yellowmeercat701man,i}&xGU\$,8785,9319
3262,redfish699man,1eU{<D\foc,7298,6326
3265,blackgoose695man,"st]#m.""D$",3100,3897
3271,goldenrabbit989man,W&Ca-!P^x,7159,5505
3274,ticklishtiger594man,"OxqG""b&;",8628,9526
3278,goldenpeacock997man,tlpk!@1}4$,1196,4623
3289,tinygoose318man,"<O!)o/""V",3517,9879
3309,blueostrich510man,"4U8n3%9~""",1565,8005
3312,crazygoose330man,</(d$m'G0u,2283,6402
3314,goldenduck751man,YJ;n].l(X,1864,2502
3317,redpeacock973man,Ju1%OEVr93,9905,1109
3331,heavygorilla802man,V}AdiZvP,1669,3276
3336,brownkoala665man,\*%v<6:`hs,5979,501
3347,blueelephant862man,3%AEk*Sy]9,5832,8908
3361,yellowrabbit901man,'iYN8{:;}J,3524,3408
3367,angryzebra971man,qF6M3Zjo9x,6501,2561
3369,orangeswan539man,3B\qe#};0,1150,272
3380,orangepeacock930man,"}NSmF-""np1",7921,9452
3384,ticklishwolf321man,bo8VMRqW,9609,2541
3389,tinyfrog833man,"P#2n,N6R*m",8597,1701
3395,goldengoose167man,^=3\l.[J7E,589,5224
3401,goldenbutterfly961man,yv[R$~.57+,6983,1029
3408,yellowfrog865man,"QJ"":b^})%",3021,288
3419,silverbird508man,#.)$AwU7c,899,298
3426,ticklishmouse472man,"VKW?""H}A",7223,1411
3436,happylion469man,"pChd\'B""@-",4651,608
3443,purpleleopard442man,#R[JU~|+M,997,5208
3445,redfrog153man,-B@he>u')+,5430,6150
3451,organicladybug351man,L;-3]Ik'\,5369,671
3452,lazydog663man,"EJz2jN7m,",620,2072
3454,lazyleopard920man,TyI*:R~;A,5279,8807
3461,whitepanda728man,:;rjn\vL&+,3696,2489
3462,greentiger878man,"1c,QH)_v",6528,3638
3463,happyfrog343man,-:2I{RM4,8402,787
3475,heavybear228man,XLf!tV:M`,9987,7653
3478,angrypeacock676man,!7%HuiklJ|,8234,4829
3486,beautifulcat271man,"}O>""+?dC",2652,3223
3491,bluekoala885man,qR^kU0XJ.,5232,2438
3494,silvergoose367man,roRxjN59},5794,5347
3498,angryelephant483man,X[@EJOu3,9217,5280
3505,lazyfrog831man,*4H-eV=h,5280,4624
3514,beautifulzebra594man,/H7=+D<GQy,1690,3241
3518,orangezebra233man,"\F_ys89,OG",1496,3830
3524,orangebear688man,VUj{h.Y7e\,4376,7866
3525,beautifulladybug707man,XWjD>bM`,576,2708
3529,smallpanda921man,mLf+A\'*,8341,2015
3531,brownmouse708man,YvVmw\J^xp,9958,8228
3533,brownlion862man,c1#T!\d;b,4,4654
3541,yellowelephant750man,ivZSra~[),1586,6245
3554,goldenelephant811man,*AQ-w`u@,8097,65
3558,brownkoala122man,MvmTSJcp0,806,6371
3566,bluebear902man,&}#eXY4m?,8778,5155
3570,ticklishtiger396man,=G:n-+a/,9363,7340
3575,whitecat824man,W_SAij:-#,6083,4726
3597,smallbird928man,9h\8)$Box,5597,9462
3605,tinyladybug649man,i/CMIhtW],4159,4279
3610,sadpeacock752man,?5_SrA2H(s,5819,7653
3612,blacksnake142man,@^*vNoC_'p,8400,1185
3614,brownkoala403man,=VOZ%`UuQj,3482,1449
3616,greenostrich651man,UVc-q4d&,6763,1266
3627,whitefrog462man,c6zr]Ig:5Q,5968,790
3633,silvergorilla105man,a+Uzk`P0r?,6595,174
3636,beautifulcat462man,qZ[wcKtmFd,9536,4829
3637,angrymouse302man,7y`=&DQT,5588,9324
3640,purpleswan687man,0um:8Db4,1638,2093
3641,silvertiger282man,=.$@\&-6Z,4816,8334
3650,silvermouse692man,]e'BA3@P~,9247,8227
3659,ticklishwolf864man,>x|!3@5j,9185,8307
3662,redfrog742man,jp2$G%RK/,8369,1953
3665,bigswan198man,">nAL}B""Wt",1605,9016
3675,goldenostrich826man,&DyHEW$3/,3849,7850
3692,bluetiger738man,]x6urA%>=0,1125,9381
3695,smallcat510man,p/.?93bB,8980,8223
3696,bigbutterfly551man,3}s%6D1`jz,8311,3989
3700,sadduck346man,kIC6i'tcgq,3969,8926
3702,sadwolf357man,`qoep%.#,149,682
3714,brownmeercat668man,<PBYu'+|:_,7926,9681
3723,heavyladybug191man,MALYa1gO$:,9632,8629
3725,sadgoose286man,@~C8`h=Pl,5647,7357
3729,blackgorilla847man,5B.C]RuD>L,750,4229
3735,organicmouse497man,n_>.}HG=,5996,3554
3754,beautifulswan617man,R&~^F7%#,4077,436
3756,bluemouse948man,4]Ue/k|(J8,7069,5267
3769,yellowtiger703man,\]_-)6.`8@,9003,2184
3772,sadrabbit696man,"Z""\#bFHG",8739,8803
3775,greengoose630man,<oR{;Hb@hS,4789,8105
3782,orangegorilla644man,tr-%ADgj,5150,5946
3783,sadkoala363man,;dCBAs&r,8508,5313
3795,redmeercat872man,fpdA]{9u5,3296,7558
3807,organicpanda934man,4Wbp:5/qB,203,2653
3808,ticklishpanda451man,Sj$]pCDghA,7759,76
3825,purplekoala826man,gV/aj)tS&,568,7334
3833,whitedog104man,:YX}3k+xR@,7767,1842
3835,goldenelephant456man,;|BvgN2tS',1305,504
3836,sadsnake228man,"sX]o%^b""m[",5355,6593
3838,redrabbit545man,h@%UT3$g+,3970,615
3840,redleopard719man,U(NeslgV,7768,4152
3841,purplekoala506man,q'?F9\|Y[,6183,185
3843,purplegoose479man,"QbArXI""BTU",8912,6873
3848,purpleelephant472man,"C6Kx.;B""%",7498,8327
3850,sadrabbit584man,;$S/R)*{>+,4110,9406
3862,browntiger352man,)FG8q3Ck,3743,2247
3863,tinybird385man,f_2Y+?A1<^,1770,4551
3866,tinymouse227man,[h~NZzWn$8,6853,1399
3875,goldengorilla415man,A[%O*ye\3,8284,7129
3876,biglion768man,(-G|tvfoR,8918,7033
3877,crazydog794man,GOHlwP(vLj,923,7740
3878,organicmeercat194man,#V'm|Blit:,14,5112
3885,smallkoala880man,Dm\cg9j),7397,3111
3897,bigostrich394man,E6njSfN},128,7560
3898,lazymouse314man,_Aq|B2s:*1,7880,5050
3902,crazyzebra884man,)1m={i9^g&,4555,8991
3903,ticklishostrich634man,a!MWe?rd#,5100,4645
3905,heavyfrog164man,"`""fJ(Ys<$C",2435,2071
3909,lazypanda876man,dD3~xWIG)t,8094,8720
3917,goldensnake612man,ij~#pESK\c,4395,6076
3921,crazydog966man,'GrHupb9Z,9347,4785
3923,bigbutterfly303man,ZjD&n5A[;@,7342,5370
3931,lazyduck327man,",*Ci:L1f_",6907,6499
3939,lazyostrich689man,G:xa)^Q/,1109,3498
3956,crazyrabbit482man,(g3*AHv+Y,2441,9093
3957,silverlion531man,zauwypR>(,1503,2564
3958,organicsnake447man,"zwT|h;,k""W",5550,9023
3960,silverbird853man,"xR,:\e^-Ah",730,2002
3971,purpleostrich402man,|eQf:]~x,8147,8335
3976,bigfrog147man,/a:kN!u#,7049,8897
3977,bluepanda630man,@B?fV4gz,7521,2451
3979,crazylion419man,Hc(L5%&sBG,8319,3690
3983,bigcat750man,ItM#hN(-,4055,5350
3984,redzebra652man,"9p4q<,UZ\6",6937,7293
3986,organicduck972man,xbo.Mp6u,6913,4154
3992,sadzebra789man,"Xc,8jvh&",4970,8254
3997,orangegoose232man,>3fG_<A9,7121,8854
4002,blackelephant481man,ydD>B{Ss,5653,810
4008,silvermouse586man,+qH|0$QD4I,7638,3554
4015,crazybutterfly579man,5-0=fk;&'^,9877,8744
4016,bluebear909man,g0FC|GIa,9107,8449
4023,ticklishpanda629man,R3h*[oz#n$,7359,156
4037,goldencat838man,ER8+zs\2!k,2078,3547
4068,blackswan508man,"""\#dgXa9",3693,7855
4069,lazybear756man,)lSRH5e9f/,4710,1479
4072,bluewolf116man,"@*FRq-""JsT",3116,4629
4079,greencat804man,">`yt8,4A",8192,1516
4082,ticklishtiger282man,"M<?@""ZQ}",5238,6212
4083,orangefish329man,Z+R$f^~k,3282,574
4084,silvermeercat952man,G(ND=wu{k,8688,5446
4085,crazybird251man,{sdK^20P,6074,1699
4092,bigfish523man,"Vw2""g(KW?_",1430,5945
4095,crazyleopard354man,vXm)?MQF,6037,2209
4100,happylion124man,",/hja'b-K",6829,8630
4106,bigpeacock686man,`AVIn6C(7,4767,4599
4111,whitezebra590man,[BEZ|bnD,1102,7943
4117,ticklishswan666man,UuP^jKd-,5809,3971
4119,silverpanda833man,>|vCcNf-^,8876,2123
4137,sadfrog114man,">vV',;%[",1993,5657
4141,orangezebra506man,\6Fm~oxj,1754,1800
4143,crazyleopard892man,'q1<3Zc`&,765,2663
4146,happydog398man,n8$T2?bj;,7219,4630
4148,silverswan937man,I0dZK&CQ[),5627,2475
4150,angrybutterfly799man,R8}7XuvqC,862,4514
4160,biglion690man,4ZM#{RpsD,6151,7866
4166,angrygorilla461man,gZ-w2(i]$,3229,714
4167,sadwolf129man,r#kR?m5Ht,8903,401
4171,organickoala188man,PG'wz-M*N&,348,2456
4174,ticklishdog750man,E.p6m^0U,6047,5102
4175,brownpanda118man,cGE#HWem,8582,2564
4181,tinyelephant482man,Xn:HxB_J,4703,1192
4183,beautifulbird226man,q^HvhT:M&,8446,6045
4186,purplewolf883man,:>._Zf[s,7644,1797
4192,whitezebra707man,yh1QdLlV(,4041,7964
4193,smallcat159man,NlM|:F];,8318,7190
4196,bigpanda306man,"!4,:Va#T)",7862,539
4201,sadmouse305man,1O?dJqymU,9660,9864
4202,tinytiger717man,n+IiaOBwC&,8156,8954
4212,smallmouse785man,fj;^FPK&l_,2905,6919
4228,orangeduck765man,mxI!(->F\,2432,5526
4232,blacksnake424man,B4HYxW%3OJ,6518,6125
4235,sadcat467man,MlfEG4:u'b,8975,548
4238,happypanda830man,jBa~./)b,1721,4896
4246,blackgorilla365man,M!?Ov65m,6849,215
4248,crazykoala310man,BH>L/~r2,3684,8119
4249,brownswan840man,~8P3K={!.,3547,4426
4250,heavyelephant227man,N`h-b\PS,4800,8517
4259,whitegoose398man,VN2<y/kUj,16,1563
4272,angrybear614man,oyH\8%Q),1885,4235
4275,yellowbird834man,lT8Mk:>},9549,3204
4276,blacktiger229man,gI};7n&o+,647,1465
4277,purpleladybug487man,4.7QvXGz;A,6481,3972
4282,heavyduck210man,kloT(g;d,6952,4620
4284,beautifulostrich171man,<P-waED^s,1751,1021
4304,smallpanda834man,:eRa7E6Yc,5120,8541
4308,lazysnake802man,ARs?p:[H7\,4153,3157
4320,angrybutterfly616man,rh*5f}9mV,9881,59
4325,crazybutterfly205man,",Pogt4kN",6589,1731
4327,lazysnake987man,jbTH<QAxa,8767,954
4337,blacktiger647man,*tI[D}Buq#,934,9553
4338,brownkoala373man,%A62wTrP5_,5301,8589
4345,purplewolf633man,J<N*lpt9),2112,6631
4347,orangeladybug222man,8:7BiAaWh,7125,131
4365,lazybird823man,*KEb%k<v>,5985,7595
4377,ticklishkoala143man,hq0>xP~\-,1132,6170
4378,yellowcat244man,$aRkJi7<q,7833,3943
4385,yellowtiger732man,FW:MVQ(#-3,1194,8128
4386,greenmeercat278man,2/)X<;O-_,6397,1295
4392,blackpeacock450man,tY=$f+DE,8608,6841
4401,organicbear309man,W%g8uSs2w,9360,9062
4403,happycat303man,If6as-z},9699,7084
4410,purpleostrich242man,"7lR.njU""v:",9690,299
4412,sadgorilla596man,"qsy4,?WF",8780,8507
4413,ticklishbear195man,[oA5!23l,7478,6356
4421,sadkoala405man,"z,eT:0r+",7201,8448
4423,bigswan681man,"#|WjRLl,{2",4532,5482
4424,silverladybug717man,bH37X1-{9U,2830,5323
4431,ticklishkoala507man,b1pu{I+L,5730,7333
4434,bigcat625man,o6R7X4b}|n,8072,9742
4443,organicelephant397man,U&wHc?h3k,434,4038
4444,angryostrich417man,I!_aAGRC,5200,9916
4458,orangegoose376man,oP2O@fqw,2082,4315
4464,beautifulelephant544man,RWBvTf:X;E,312,1283
4465,purplewolf892man,7QpyZ@s!5,461,3009
4468,organiczebra244man,HwoCx1Z/,7143,4000
4473,ticklishgorilla355man,{p.0&E=f(b,7467,8495
4491,silverfish514man,+`YlE]HVb!,2685,4635
4493,blackelephant711man,"}+fT9t"",IK",1835,5082
4502,goldenzebra656man,"jy0NCP,2F",1971,5370
4503,brownsnake365man,"2""G0/WI_]7",9435,7980
4530,ticklishduck750man,6>EIM*'i,1845,491
4537,smallswan941man,"&')oihI,:z",8674,7865
4540,sadbear566man,q@cw96X=T,6779,4407
4550,bluegorilla385man,"(&w,F2)z!",2612,1093
4569,bluecat622man,Fj){|84-V*,7026,8432
4574,bigsnake853man,OR4IM&/mH-,8535,3017
4575,crazyfish234man,g]k8ctQa,2534,2756
4578,lazyelephant391man,8Qt'sW5a.,1860,7581
4579,lazymouse469man,QKBC>pIl,6694,2702
4580,greenkoala562man,a:ZCD#3YF},3648,3126
4582,yellowfrog665man,3.da(21L,2171,69
4584,bigkoala907man,1?=S;X5s/,9376,6404
4590,beautifulswan980man,IBrfmO{b>L,3586,3649
4593,blackcat830man,EC[bNclm,9902,7343
4603,angryduck289man,eg1+bq8yus,5008,9283
4607,lazyelephant431man,TKpRaxsf,9433,9315
4609,smallbear933man,S>=F-V}k/,2212,4674
4617,heavypeacock726man,1IXOm8AGjZ,8754,7414
4618,silverleopard229man,vjS?>hUW,640,2486
4620,sadostrich817man,vAslm4tDUY,2460,410
4628,crazyleopard102man,]aW[_nqej<,6281,8004
4630,goldenfrog875man,sh~mHw&#B],1762,444
4643,lazykoala473man,)DuS;+fQ>,5829,6391
4647,ticklishduck165man,"C""^~E!]*B{",4761,7102
4651,tinysnake454man,",4|%;i5/I",7277,7297
4653,silverrabbit772man,1j>6I&Mu,9515,9684
4665,happyleopard599man,VE@q.%lPxf,5614,7512
4679,angrypanda589man,KF3w*'6@j(,1626,283
4691,sadrabbit132man,~')U|*4No,721,6606
4694,organicbutterfly782man,_LA%Q;T4S,6855,7512
4703,redladybug731man,l{VQh5O/gd,7549,7891
4707,crazylion613man,'X.]495v`,7055,6720
4708,goldenelephant637man,"sh=Kf:+oF,",6787,3206
4712,bluesnake171man,*>9~w}]D,1941,1967
4716,redkoala171man,T$M]U3pet,5398,1038
4730,heavydog628man,"}E,^G|4:",8070,3136
4741,bluebird131man,oaht{Ccs7b,1529,761
4742,greenladybug305man,YAw?]tRW{,6566,7437
4743,smallcat874man,E(-oq'*T5[,3867,1903
4749,happymeercat438man,p?>Vz'_8,1774,1127
4761,tinypanda677man,cG#uEIm)v,3740,4709
4765,redmouse982man,"RBw.,#yMAC",9636,9979
4769,angrytiger512man,L2}1D[q.,2385,269
4771,beautifulkoala839man,_.1!t|Uwx,7528,5604
4773,purplemouse268man,Ey}:[`GTs,8393,4396
4775,whitesnake391man,QISjhtxP:i,7318,3937
4780,sadduck785man,b\`_+oNsk,8275,7475
4781,blackcat163man,w0\TO{onW,1877,5215
4789,blackduck634man,Bi_9n{w1c\,304,636
4790,greenmeercat728man,Y8KI^);E,9140,4298
4796,orangelion249man,NO3l|AMZ$D,6112,5630
4798,smallladybug923man,Okajpd\<%,8520,4813
4805,smallpeacock538man,"m5;l""dTi*\",233,9122
4806,ticklishkoala344man,Xm74doxg6,3416,7916
4817,whiteladybug108man,U6LB:Jn(,4447,1384
4827,yellowmeercat827man,3'=JqamZCn,1439,5575
4836,whitebutterfly589man,]&Hg|%dr~,3512,916
4839,heavyladybug344man,"-vJ"">k@Mxy",3820,4749
4841,redbird371man,v^M@!>LU;,6117,8847
4846,silvertiger643man,"r`""7#q/mW",4167,4075
4858,yellowswan619man,h>Qz(tRGKd,3723,9658
4866,tinyelephant129man,\EMbRWD#Z=,1658,8356
4883,bigsnake249man,"ZH0T(Az,*d",6942,5248
4897,goldenbear706man,"_iX,Uv=xh}",4003,4171
4898,ticklishbear558man,~b5-'vMrU,3599,6018
4899,orangegorilla259man,"R/i""]AyL",2099,5755
4901,crazyelephant264man,y}z{i3:p+,4631,1232
4903,orangegorilla488man,"IN$&oY,A",8007,3036
4905,orangefrog921man,S@U6d-bLI,2312,9279
4914,greenduck177man,/=lB*TbU,5872,9653
4921,goldenkoala806man,t}(Np13#f,3958,1755
4923,goldenrabbit641man,JP}a[U1N,929,3680
4931,redcat137man,i>mbPo|d,8033,4892
4934,blackmouse407man,LjCSE&+X,5649,9334
4939,brownmeercat397man,P!`~6_+DU,8296,1088
4943,bluebear371man,Y[65w(S@:T,953,4358
4946,heavymeercat275man,Hg>hjvGY,5755,1398
4957,yellowleopard953man,;~cBkERG,735,8808
4960,redsnake670man,"X""sDJ.K%",7752,9356
4967,purplebutterfly172man,8Z\BDW7L=,3880,3112
4981,blueleopard320man,".,cy&T'H`",4613,597
4986,bigpanda626man,hBPV%T_;L,8685,6453
4988,silverdog509man,Dx~8aEhS,6670,9924
5002,tinyfrog883man,nb4RMlzY[f,7162,5019
5006,crazyswan900man,d@?U;/<oMu,8206,3846
5016,smallrabbit748man,"S,;H8>|~R",7524,752
5019,smallleopard322man,=sSt43&$Mr,1515,9108
5022,lazymouse873man,?Dw-Ry)6N,1652,6487
5024,beautifulbear830man,V|/Md};*]7,5641,201
5026,happyrabbit815man,sg.n$dtQh,7389,4700
5027,bigfish691man,"1,jknp}eg",6581,4639
5031,greengorilla842man,QJ245?rWB,435,8145
5035,angrybird214man,(nj=Pz5aX,8089,2064
5037,brownelephant510man,"M,zot=hy;",7061,5912
5038,whitegorilla631man,p}%Tjf^t,3052,8882
5040,happykoala666man,RXhn2;/#,7621,3203
5045,yellowbutterfly798man,QT)p6cq$?,7212,4236
5049,crazyladybug621man,G.pt5eM],8105,999
5051,yellowsnake479man,h^Z]<iRO,8460,6291
5052,greenelephant493man,iLBRvU)=,2477,7264
5054,sadduck841man,}JV/xnQ]!M,4751,2716
5058,lazywolf134man,oSbgxBKdV,210,8573
5068,whiteostrich611man,"""X+ub)2LaT",5780,2192
5075,tinybird657man,t(mzIQ@`E,2092,7462
5076,tinymouse521man,tm74JM/=H1,6550,3844
5080,orangegorilla329man,9V3PN!UB,8071,4592
5116,angryfish342man,(L!`'t8c,9707,53
5124,happygorilla240man,"dag,GL@|",8750,2840
5125,brownpeacock418man,X|=@jkg_,7424,3437
5133,whitegorilla950man,eA[{CY1&gd,9789,4946
5144,bluemeercat686man,1=-hr8cC[',8301,6242
5146,purpleostrich268man,.AlO<HcfI9,2704,376
5150,tinyelephant593man,V^!U?:/;ms,1198,110
5165,browndog207man,$j#HIJ@p,7195,5633
5170,organicwolf800man,KJ%\^9sF,358,4219
5172,heavybutterfly620man,TJ/<eabK,9942,5309
5184,blackswan519man,Ev1|n3:;,2387,6698
5190,heavyladybug597man,zG1$xo7=,5683,5210
5194,beautifulsnake736man,8rn5w6XB,8232,2804
5196,purplepeacock923man,M;~<5rSUz,1569,9833
5203,brownbird751man,=zh;}S90,7244,3005
5247,purplekoala543man,i4%$Nn'*};,930,3765
5248,crazyostrich500man,"I,i$fs#Z",6368,4492
5249,happyfrog995man,{=u)V#}S0m,2010,5978
5256,blackmouse739man,<ZJA?[sO,3557,7789
5260,ticklishmeercat792man,OgthBIJ.{,9118,6789
5269,bigdog670man,|N+e#@^7Wb,2743,1237
5272,smallelephant487man,<pMkF{2c,920,3661
5277,whitebear138man,"I,5&J8_-",4626,5803
5279,yellowsnake355man,"Sxc9lgD,]",4791,1630
5294,orangeduck391man,BWp5.!lY,8522,7083
5303,tinycat784man,w+&N;1a4,6929,5502
5311,angrygoose480man,j@{r&.3-,8562,1612
5314,orangebear224man,7|4>Y]SyaC,4063,4989
5317,crazyswan944man,lsd9DHU?uW,2421,5445
5318,lazygorilla888man,S.U&+Ofm_,2502,8863
5324,lazyzebra814man,-ebVs~9\Cl,8251,9919
5325,bigpanda639man,}_=71peSO,9036,2363
5345,goldenbear220man,=~)l5!6ZCG,3771,101
5350,ticklishgorilla365man,"[JTm}HLw(""",8461,4045
5351,tinyleopard232man,Ksr1-*fz7<,4987,3233
5365,silverpanda431man,"vyi\C,5x",2284,3707
5385,sadostrich371man,"r8*+""?3P-w",9824,1601
5394,crazytiger792man,C@si;0SV$,9781,1422
5395,sadswan769man,axS*;h$%m,7993,313
5402,whitewolf376man,~_1ca>3De,8896,3153
5408,whiterabbit721man,"73GF,)}E",9766,9365
5412,organicmouse614man,"\vycVw""gER",447,5630
5415,happypanda328man,7mgpOs$),1760,281
5416,goldengoose824man,XpQl<5u:,8005,9925
5418,brownlion689man,(%bR*cSgz,4288,6465
5419,heavyzebra292man,yu3x)LYAC,7963,6318
5420,ticklishtiger908man,\xsv<W?4Aa,4426,4440
5422,crazyzebra574man,kH9)c]G3#I,2337,8428
5427,sadswan185man,VK:UOlGam(,5428,9664
5428,goldensnake524man,R#UE?eQ/,9991,843
5431,bigbear516man,>nWra1by,3709,2522
5437,angryelephant537man,Q{p!XS<T,4714,2127
5462,purplegoose722man,Z63t<v\M,4811,2819
5465,happysnake653man,"oyN(,b8UC""",1138,1029
5467,happylion217man,Fco~!D|u,1842,1704
5474,redgoose493man,Cm}t@>z71,8035,354
5477,ticklishduck306man,QJHRE9-p},9254,8869
5498,tinyelephant826man,o?7Ib&cZ4,6947,5596
5503,smallduck776man,*N+k!B|G#,7842,8514
5507,tinymeercat424man,"""U2XrOwuq",3834,9219
5517,bigbird266man,z/2ocTq|,1388,5468
5519,blueelephant951man,"hsC,e`JZ['",4046,3226
5521,happymouse845man,")3_,=fq'I",535,5175
5524,goldenswan911man,>R-0tTWDg,3952,1615
5531,bluesnake508man,E=_Fq8u>pn,6035,2583
5532,silverbird292man,]fF%1`bC$',1841,2546
5540,browncat114man,jEwJ14KH,6777,5882
5545,tinyelephant941man,'`+n}|E[^,6026,1983
5546,silverbutterfly585man,YTD7z=a(,1718,557
5547,lazytiger250man,{azPXe~dY,7197,5574
5551,browngoose233man,T`3'X)Uj\,4138,1458
5553,sadcat936man,)rs.6[f]g,1676,7531
5554,lazysnake551man,~sO'G+a},798,7691
5555,brownsnake731man,sCjXIRSYO?,8034,8086
5563,purplecat805man,kU^Sr*}s,770,2340
5565,whiteleopard627man,[xZTqa~AG,9292,8565
5568,ticklishcat888man,"J%-*.Rw^,<",3801,9981
5572,brownostrich483man,uUxFB^p};|,3480,2730
5574,bluetiger344man,Chdf.YlMcg,9677,6034
5575,blackzebra138man,/.|bda[iP,5672,9253
5588,browngorilla207man,?Y/fa2id,15,2586
5590,whiteswan983man,lGtA<f%e|,5479,7974
5614,bigmeercat632man,C_+Qnmy&aZ,5636,2136
5621,greenpanda369man,[#D5}O`{,5874,4008
5623,whitemouse257man,|5ZrANP~/,7633,4644
5630,beautifulbird820man,>{@q:pQ<o,8114,7575
5636,orangekoala204man,g6[EB-V=,5889,1243
5639,smallduck491man,k-K0GTq^(,8280,5529
5649,blacksnake635man,m%GZHYaAgM,566,9323
5654,silverbear246man,Z|?izb41,4106,1174
5657,purplelion697man,fZNx<*[T@k,7951,3758
5658,sadfrog570man,>.g=lB?Z&,9685,6665
5675,yellowleopard726man,k[_(m$lg{D,3187,1223
5685,smallsnake524man,"Tc_6""x,[k'",6918,5024
5687,angrymeercat814man,6fVelow7KY,4501,2044
5696,whiteelephant714man,L~4Ds@k<i,9359,6969
5715,silverbutterfly701man,hmxzQA0f,8100,7189
5719,greenduck635man,Xqf|15t[Mv,4101,9972
5725,bluebear813man,'\j3A(vEod,112,6054
5729,happycat350man,H7KF[)f`P,9556,260
5730,orangeduck614man,\m&%?jo|e8,4211,7731
5733,tinycat942man,+k^1A@}cL,8079,9638
5755,heavyzebra296man,I[}_;l<]z$,4840,9110
5759,heavymouse238man,?w3XtDk6,6143,1470
5761,redbear207man,Ysh'49L0,6631,3348
5764,redbutterfly588man,;}Q:^mj#>,9770,2261
5773,sadfish263man,j$e`]%J*,1594,6031
5786,tinypanda548man,"ky~do]L,",1444,9794
5792,happyzebra949man,r.zHxXt&CD,5445,5476
5795,blackostrich301man,"<!XV~""s.?%",6177,744
5801,happymouse968man,g?`-oZ7^<1,4030,5160
5810,redbird116man,W!'C@brU6,1416,5172
5819,silverlion948man,:taud*$Z9,6910,8642
5820,lazygorilla958man,BJ*\$Qf4?Y,6152,3351
5821,angrygorilla292man,J}u;Nyn*#,9054,5429
5827,silversnake606man,]s0wBW`1#,1008,5375
5847,lazyelephant515man,"S,?q8[OWus",5678,2786
5848,purplecat646man,;u-M(v/Y,986,1816
5856,whiteelephant777man,JX=>KADio],9860,4165
5862,angrygoose624man,*)w&1fHz,4666,1485
5873,yellowfish132man,v7AS`'_L,7132,9257
5881,greenlion943man,4!\#v5t1,6782,7144
5888,crazybutterfly871man,KgVD/~j(7O,9604,9780
5893,crazyostrich772man,wlU\S@<p,2687,8051
5898,whitefish979man,"3CR""d:ne!",8728,810
5900,yellowfish407man,(+YWxG:g[,1839,7422
5911,lazybutterfly522man,Khw4lX*Ngq,5918,7343
